-- Generated from teacher's xlsx (groups/subjects/grades sheets). Run after schema.sql.

-- groups (insert parents before children -> order by code works here since codes are already parent-first)
INSERT INTO groups (code, name, parent_code, req_wil, req_is) VALUES
  (1000, 'General Education', NULL, 30, 30),
  (1100, 'General Education - Required', 1000, 21, 21),
  (1110, 'Learner Person', 1100, 15, 15),
  (1111, 'English 4', 1110, 3, 3),
  (1112, 'Learner Person - Selected', 1110, 3, 3),
  (1120, 'Innovative Co-creator', 1100, 3, 3),
  (1130, 'Active Citizen', 1100, 3, 3),
  (1200, 'General Education - Elective', 1000, 9, 9),
  (1210, 'Learner Person', 1200, 0, 0),
  (1220, 'Active Citizen', 1200, 0, 0),
  (1230, 'Innovative Co-creator', 1200, 0, 0),
  (2000, 'Field of Specialization', NULL, 90, 90),
  (2100, 'Core Courses', 2000, 33, 33),
  (2110, '208262 or 954241', 2100, 3, 3),
  (2120, 'Others', 2100, 30, 30),
  (2200, 'Major Courses ', 2000, 57, 57),
  (2210, 'Major Required Courses', 2200, 39, 33),
  (2220, 'Major Electives', 2200, 18, 24),
  (9000, 'Free Electives', NULL, 6, 6);

-- grades
INSERT INTO grades (grade, point, type, is_cal, is_keep, is_planning) VALUES
  ('A', 4, 'AF', TRUE, TRUE, FALSE),
  ('B', 3, 'AF', TRUE, TRUE, FALSE),
  ('B+', 3.5, 'AF', TRUE, TRUE, FALSE),
  ('C', 2, 'AF', TRUE, TRUE, FALSE),
  ('C+', 2.5, 'AF', TRUE, TRUE, FALSE),
  ('D', 1, 'AF', TRUE, TRUE, FALSE),
  ('D+', 1.5, 'AF', TRUE, TRUE, FALSE),
  ('F', 0, 'AF', TRUE, FALSE, FALSE),
  ('S', NULL, 'SU', FALSE, TRUE, FALSE),
  ('U', NULL, 'SU', FALSE, FALSE, FALSE),
  ('V', NULL, NULL, FALSE, FALSE, FALSE),
  ('W', NULL, NULL, FALSE, FALSE, FALSE),
  ('X', NULL, NULL, FALSE, TRUE, FALSE),
  ('xA', 4, 'AF', TRUE, TRUE, TRUE),
  ('xB', 3, 'AF', TRUE, TRUE, TRUE),
  ('xB+', 3.5, 'AF', TRUE, TRUE, TRUE),
  ('xC', 2, 'AF', TRUE, TRUE, TRUE),
  ('xC+', 2.5, 'AF', TRUE, TRUE, TRUE),
  ('xD', 1, 'AF', TRUE, TRUE, TRUE),
  ('xD+', 1.5, 'AF', TRUE, TRUE, TRUE),
  ('xF', 0, 'AF', TRUE, FALSE, TRUE),
  ('xS', NULL, 'SU', FALSE, TRUE, TRUE),
  ('xU', NULL, 'SU', FALSE, FALSE, TRUE);

-- subjects (title rows have credit=NULL and act as section headers, not real courses)
INSERT INTO subjects (code, name, is_title, credit, group_code, grade_type, plan) VALUES
  ('GE', 'General Education (>=30)', TRUE, NULL, 1000, NULL, NULL),
  ('GE-Req', 'General Education - Required (>=21)', TRUE, NULL, 1100, NULL, NULL),
  ('GE-Req-LP', 'Learner Person (>=15)', TRUE, NULL, 1110, NULL, NULL),
  ('001101', 'Fundamental English 1', FALSE, 3, 1110, 'AF', NULL),
  ('001102', 'Fundamental English 2', FALSE, 3, 1110, 'AF', NULL),
  ('001201', 'Critical Reading and Effective Writing', FALSE, 3, 1110, 'AF', NULL),
  ('GE-Req-LP-Eng-S', 'English 4 (>=3)', TRUE, NULL, 1111, NULL, NULL),
  ('001202', 'English in Professional Contexts', FALSE, 3, 1111, 'AF', NULL),
  ('001229', 'English for Media Arts', FALSE, 3, 1111, 'AF', NULL),
  ('GE-Req-LP-S', 'Learner Person - Selected (>=3)', TRUE, NULL, 1112, NULL, NULL),
  ('204100', 'Information Technology and Modern Life', FALSE, 3, 1112, 'AF', NULL),
  ('953111', 'Software for Everyday Life', FALSE, 3, 1112, 'AF', NULL),
  ('GE-Req-IC', 'Innovative Co-creator (>=3)', TRUE, NULL, 1120, NULL, NULL),
  ('011151', 'Reasoning', FALSE, 3, 1120, 'AF', NULL),
  ('013110', 'Psychology and Daily Life', FALSE, 3, 1120, 'AF', NULL),
  ('159100', 'Modern World in Everyday Life', FALSE, 3, 1120, 'AF', NULL),
  ('703103', 'Introduction to Entrepreneurship and Business', FALSE, 3, 1120, 'AF', NULL),
  ('GE-Req-AC', 'Active Citizen (>=3)', TRUE, NULL, 1130, NULL, NULL),
  ('140104', 'Citizenship', FALSE, 3, 1130, 'AF', NULL),
  ('GE-Ele', 'General Education - Elective (>=9)', TRUE, NULL, 1200, NULL, NULL),
  ('GE-Ele-LP', 'Learner Person (>=0)', TRUE, NULL, 1210, NULL, NULL),
  ('009103', 'Information Leteracy and Information Presentation', FALSE, 3, 1210, 'AF', NULL),
  ('011269', 'Philosophy of Sufficiency Economy', FALSE, 3, 1210, 'AF', NULL),
  ('057122', 'Swimming for Life and Exercise', FALSE, 1, 1210, 'AF', NULL),
  ('057127', 'Badminton for Life and Exercise', FALSE, 1, 1210, 'AF', NULL),
  ('176104', 'Rights and Duties of Citizen in Digital Age', FALSE, 3, 1210, 'AF', NULL),
  ('702101', 'Finance for Daily Life', FALSE, 3, 1210, 'AF', NULL),
  ('851100', 'Introduction to Communication', FALSE, 3, 1210, 'AF', NULL),
  ('888102', 'Big Data for Business', FALSE, 3, 1210, 'AF', NULL),
  ('GE-Ele-AC', 'Active Citizen (>=0)', TRUE, NULL, 1220, NULL, NULL),
  ('050113', 'Locality in Globalization', FALSE, 3, 1220, 'AF', NULL),
  ('103271', 'Music Appreciation', FALSE, 3, 1220, 'AF', NULL),
  ('109100', 'Man and Art', FALSE, 3, 1220, 'AF', NULL),
  ('109115', 'Life and Aesthetics', FALSE, 3, 1220, 'AF', NULL),
  ('127100', 'Politics in Everyday Life', FALSE, 3, 1220, 'AF', NULL),
  ('154100', 'Introduction to Geography', FALSE, 3, 1220, 'AF', NULL),
  ('154104', 'Environmental Conservation', FALSE, 3, 1220, 'AF', NULL),
  ('159151', 'Lanna Society and Culture', FALSE, 3, 1220, 'AF', NULL),
  ('201192', 'Doi Suthep Study', FALSE, 1, 1220, 'SU', NULL),
  ('357110', 'Insects and Mankind', FALSE, 3, 1220, 'AF', NULL),
  ('602102', 'Life and Alternative Energy', FALSE, 3, 1220, 'AF', NULL),
  ('951100', 'Modern Life and Animation', FALSE, 3, 1220, 'AF', NULL),
  ('GE-Ele-IC', 'Innovative Co-creator (>=0)', TRUE, NULL, 1230, NULL, NULL),
  ('012173', 'Descriptive Study of Religion', FALSE, 3, 1230, 'AF', NULL),
  ('050104', 'Man and the Modern World', FALSE, 3, 1230, 'AF', NULL),
  ('176100', 'Law and Modern World', FALSE, 3, 1230, 'AF', NULL),
  ('201116', 'Science and Global Warming', FALSE, 3, 1230, 'AF', NULL),
  ('201190', 'Critical Thinking, Problem Solving and Science Communication', FALSE, 3, 1230, 'AF', NULL),
  ('204123', 'Introduction to Data Science', FALSE, 3, 1230, 'AF', NULL),
  ('368100', 'Starting an Agribusiness in a Changing World', FALSE, 3, 1230, 'AF', NULL),
  ('603200', 'Packaging in Daily Life', FALSE, 3, 1230, 'AF', NULL),
  ('610112', 'Food Product Innovation', FALSE, 3, 1230, 'AF', NULL),
  ('888107', 'Business Startup on Digital Platform', FALSE, 3, 1230, 'AF', NULL),
  ('FoS', 'Field of Specialization (>=90)', TRUE, NULL, 2000, NULL, NULL),
  ('FoS-Cor', 'Core Courses (>=33)', TRUE, NULL, 2100, NULL, NULL),
  ('FoS-Cor-SoAC', '208262 or 954241 (>=3)', TRUE, NULL, 2110, NULL, NULL),
  ('208262', 'Elementary Statistics for Science and Technology', FALSE, 3, 2110, 'AF', NULL),
  ('954241', 'Art of Computing', FALSE, 3, 2110, 'AF', NULL),
  ('FoS-Cor-Oth', 'Others (>=30)', TRUE, NULL, 2120, NULL, NULL),
  ('954100', 'Information System for Organization Management', FALSE, 3, 2120, 'AF', NULL),
  ('954140', 'Information Technology Literacy', FALSE, 3, 2120, 'AF', NULL),
  ('954142', 'Fundamental Computer Programming for Modern Management', FALSE, 3, 2120, 'AF', NULL),
  ('954143', 'Data Management', FALSE, 3, 2120, 'AF', NULL),
  ('954170', 'Elementary Business Process Modeling', FALSE, 3, 2120, 'AF', NULL),
  ('954230', 'Financial Tracking in Digital Business', FALSE, 3, 2120, 'AF', NULL),
  ('954231', 'Human Capital Management in Digital Business', FALSE, 3, 2120, 'AF', NULL),
  ('954244', 'System Analysis and Design for Modern Management', FALSE, 3, 2120, 'AF', NULL),
  ('954246', 'Advanced Computer Programming for Modern Management', FALSE, 3, 2120, 'AF', NULL),
  ('954248', 'Information and Communication Technology', FALSE, 3, 2120, 'AF', NULL),
  ('Fos-Maj', 'Major Courses  (>=57)', TRUE, NULL, 2200, NULL, NULL),
  ('FoS-Maj-Req', 'Major Required Courses (v-- PLEASE SELECT PLAN)', TRUE, NULL, 2210, NULL, NULL),
  ('954310', 'Information Systems for Enterprise Resource Planning', FALSE, 3, 2210, 'AF', NULL),
  ('954340', 'Enterprise Database Design and Applications', FALSE, 3, 2210, 'AF', NULL),
  ('954346', 'Application Development for Business Sector', FALSE, 3, 2210, 'AF', NULL),
  ('954365', 'Knowledge Management System', FALSE, 3, 2210, 'AF', NULL),
  ('954370', 'Analysis and Design in Materials Management Module', FALSE, 3, 2210, 'AF', NULL),
  ('954374', 'Sales and Distribution for Digital Market', FALSE, 3, 2210, 'AF', NULL),
  ('954381', 'Preparation for Work Integrated Learning', FALSE, 3, 2210, 'SU', NULL),
  ('954389', 'Job Training', FALSE, 3, 2210, 'SU', 'IS'),
  ('954416', 'Information Systems for Supply Chain and Customer Relationship Management', FALSE, 3, 2210, 'AF', NULL),
  ('944490', 'Informatics Research Methodology', FALSE, 3, 2210, 'AF', NULL),
  ('954484', 'Work Integrated Learning 1', FALSE, 6, 2210, 'SU', 'WIL'),
  ('954485', 'Work Integrated Learning 2', FALSE, 6, 2210, 'SU', 'WIL'),
  ('954499', 'Independent Study', FALSE, 3, 2210, 'SU', 'IS'),
  ('FoS-Maj-Ele', 'Major Electives (v-- PLEASE SELECT PLAN)', TRUE, NULL, 2220, NULL, NULL),
  ('954316', 'Technology Application in Supply Chain', FALSE, 3, 2220, 'AF', NULL),
  ('954321', 'Operations and Service for E-Service', FALSE, 3, 2220, 'AF', NULL),
  ('954322', 'Technology in Call Center Management', FALSE, 3, 2220, 'AF', NULL),
  ('954324', 'Information and Communication Technology for E-Tourism', FALSE, 3, 2220, 'AF', NULL),
  ('954326', 'Information Technology in Event Management', FALSE, 3, 2220, 'AF', NULL),
  ('954344', 'Computer Networks and Database Security for Organization', FALSE, 3, 2220, 'AF', NULL),
  ('954347', 'E-Commerce', FALSE, 3, 2220, 'AF', NULL),
  ('954348', 'Web Programming', FALSE, 3, 2220, 'AF', NULL),
  ('954371', 'Analysis and Design in Production Planning Module', FALSE, 3, 2220, 'AF', NULL),
  ('954375', 'Analysis and Design in Enterprise Asset and Customer Service', FALSE, 3, 2220, 'AF', NULL),
  ('954410', 'Information Technology Application in Lean Transformation', FALSE, 3, 2220, 'AF', NULL),
  ('954411', 'Using Information Technology to Develop Key Performance Indicators for Business', FALSE, 3, 2220, 'AF', NULL),
  ('954412', 'Industrial Excellence Model', FALSE, 3, 2220, 'AF', NULL),
  ('954413', 'Decision Making in Information Technology Investment and Organizational Management', FALSE, 3, 2220, 'AF', NULL),
  ('954414', 'Preliminary Simulations on Logistics Activities', FALSE, 3, 2220, 'AF', NULL),
  ('954415', 'Introduction to Quantitative Business Problems Analysis', FALSE, 3, 2220, 'AF', NULL),
  ('954417', 'Information System for Maintenance', FALSE, 3, 2220, 'AF', NULL),
  ('954421', 'Mobile Device in Business Operation', FALSE, 3, 2220, 'AF', NULL),
  ('954422', 'Customer Relationship Management and Supplier Relationship Management in E-Tourism', FALSE, 3, 2220, 'AF', NULL),
  ('954423', 'Service Innovation for Competitiveness', FALSE, 3, 2220, 'AF', NULL),
  ('954424', 'Introduction to E-Tourism business', FALSE, 3, 2220, 'AF', NULL),
  ('954425', 'Marketing Analytics in Hospitality and Tourism Industry', FALSE, 3, 2220, 'AF', NULL),
  ('954426', 'Introduction to E-Service', FALSE, 3, 2220, 'AF', NULL),
  ('954430', 'Digital Business Ecosystem', FALSE, 3, 2220, 'AF', NULL),
  ('954433', 'Service and Operation in E-Tourism', FALSE, 3, 2220, 'AF', NULL),
  ('954440', 'Enterprise Portal Application Development', FALSE, 3, 2220, 'AF', NULL),
  ('954442', 'Cloud Computing', FALSE, 3, 2220, 'AF', NULL),
  ('954443', 'Multimedia for Digital Business', FALSE, 3, 2220, 'AF', NULL),
  ('954444', 'ERP Programming', FALSE, 3, 2220, 'AF', NULL),
  ('954445', 'Healthcare Information Systems', FALSE, 3, 2220, 'AF', NULL),
  ('954447', 'Client -Side Scripting', FALSE, 3, 2220, 'AF', NULL),
  ('954448', 'Web Service for Enterprise Systems', FALSE, 3, 2220, 'AF', NULL),
  ('954449', 'Rapid Application Development', FALSE, 3, 2220, 'AF', NULL),
  ('954461', 'Information Technology for Knowledge Creation', FALSE, 3, 2220, 'AF', NULL),
  ('954462', 'Knowledge Engineering and Information Technology Application', FALSE, 3, 2220, 'AF', NULL),
  ('954463', 'Information Technology for Learning Organization', FALSE, 3, 2220, 'AF', NULL),
  ('954464', 'Information Technology for Knowledge Worker Management', FALSE, 3, 2220, 'AF', NULL),
  ('954466', 'Digital Business and Service Psychology', FALSE, 3, 2220, 'AF', NULL),
  ('954467', 'Research Development for Workforce in a Digital Age', FALSE, 3, 2220, 'AF', NULL),
  ('954468', 'Introduction to Intellectual Capital Management', FALSE, 3, 2220, 'AF', NULL),
  ('954471', 'Business Data Mining', FALSE, 3, 2220, 'AF', NULL),
  ('954472', 'Business Data Visualization', FALSE, 3, 2220, 'AF', NULL),
  ('954473', 'Enterprise Resource Planning Configuration', FALSE, 3, 2220, 'AF', NULL),
  ('954474', 'Digital Data Gathering', FALSE, 3, 2220, 'AF', NULL),
  ('954477', 'Information Technology for Production System', FALSE, 3, 2220, 'AF', NULL),
  ('954491', 'Selected Topics in Modern Management and Information Technology', FALSE, 3, 2220, 'AF', NULL),
  ('954494', 'Selected Topics in Work Integrated Learning 1', FALSE, 3, 2220, 'AF', NULL),
  ('954495', 'Selected Topics in Work Integrated Learning 2', FALSE, 3, 2220, 'AF', NULL),
  ('954496', 'Selected Topics in Work Integrated Learning 3', FALSE, 3, 2220, 'AF', NULL),
  ('954497', 'Selected Topics in Work Integrated Learning 4', FALSE, 3, 2220, 'AF', NULL),
  ('Free-Ele', 'Free Electives (>=6)', TRUE, NULL, 9000, NULL, NULL),
  ('FREE-01', 'Free Elective 1 credit', FALSE, 1, 9000, NULL, NULL),
  ('FREE-02', 'Free Elective 2 credits', FALSE, 2, 9000, NULL, NULL),
  ('FREE-03', 'Free Elective 3 credits', FALSE, 3, 9000, NULL, NULL),
  ('FREE-04', 'Free Elective 4 credits', FALSE, 4, 9000, NULL, NULL),
  ('FREE-05', 'Free Elective 5 credits', FALSE, 5, 9000, NULL, NULL),
  ('FREE-06', 'Free Elective 6 credits', FALSE, 6, 9000, NULL, NULL);
